month,month_name,odd_si,segment_si,northstar_si,final_si
1,Ocak,0.6612,0.6572,1.0492,0.7376
2,Şubat,0.8893,0.8828,1.0138,0.9122
3,Mart,1.0377,1.029,0.9784,1.0232
4,Nisan,0.8529,0.8162,0.6485,0.801
5,Mayıs,0.9856,0.9368,0.8312,0.9401
6,Haziran,1.107,1.0368,0.9765,1.0598
7,Temmuz,0.9458,0.9269,0.984,0.9478
8,Ağustos,0.9227,0.848,1.1592,0.9476
9,Eylül,0.92,0.9222,1.0362,0.9439
10,Ekim,0.9305,1.0624,0.9225,0.9685
11,Kasım,1.1488,1.249,0.8983,1.1288
12,Aralık,1.5986,1.6328,1.5021,1.5896
